Keywords,Count
Access Control,80
Buildings,62
Business Continuity,107
Contractors and Vendors,10
Corporate Ethics,24
Cyber Security,406
Disaster Recovery,61
Documentation,38
Emergency Preparedness,45
Essential Services,25
Facilities - Transport,36
Fire,12
Guard Services,4
Hardware,47
Human Resources,5
Industry Cooperation,16
Information Protection,4
Liaison,3
Material Movement,1
Network Design,13
Network Elements,23
Network Interoperability,3
Network Operations,40
Network Provisioning,7
Pandemic,1
Physical Security Management,2
Policy,2
Power,5
Procedures,1
Public Safety,2
Software,1
Supervision,1
Training and Awareness,1
